"","num_arms","outcome_type","n1","n2","mean1","mean2","sd1","sd2","trteff1","trteff2","MEM_power","MEMr_power","pval_power","MEMcutoff","pvalcutoff"
"1",1,"binary",100,100,0.1,0.1,NA,NA,NA,NA,0.0056,0.0043,0.0534,0.2,0.05
"2",1,"binary",100,100,0.1,0.2,NA,NA,NA,NA,0.2554,0.1973,0.5165,0.2,0.05
"3",1,"binary",100,100,0.1,0.3,NA,NA,NA,NA,0.8459,0.7845,0.9529,0.2,0.05
"4",1,"binary",100,100,0.1,0.4,NA,NA,NA,NA,0.9943,0.9889,0.9997,0.2,0.05
"5",1,"binary",100,100,0.1,0.5,NA,NA,NA,NA,1,1,1,0.2,0.05
"6",1,"binary",150,150,0.1,0.1,NA,NA,NA,NA,0.005,0.0035,0.0492,0.2,0.05
"7",1,"binary",150,150,0.1,0.2,NA,NA,NA,NA,0.3971,0.3315,0.6964,0.2,0.05
"8",1,"binary",150,150,0.1,0.3,NA,NA,NA,NA,0.963,0.9402,0.9939,0.2,0.05
"9",1,"binary",150,150,0.1,0.4,NA,NA,NA,NA,0.9997,0.9994,1,0.2,0.05
"10",1,"binary",150,150,0.1,0.5,NA,NA,NA,NA,1,1,1,0.2,0.05
"11",1,"binary",200,200,0.1,0.1,NA,NA,NA,NA,0.0047,0.0036,0.0547,0.2,0.05
"12",1,"binary",200,200,0.1,0.2,NA,NA,NA,NA,0.5234,0.4478,0.8084,0.2,0.05
"13",1,"binary",200,200,0.1,0.3,NA,NA,NA,NA,0.9905,0.9843,0.9987,0.2,0.05
"14",1,"binary",200,200,0.1,0.4,NA,NA,NA,NA,1,1,1,0.2,0.05
"15",1,"binary",200,200,0.1,0.5,NA,NA,NA,NA,1,1,1,0.2,0.05
"16",1,"binary",250,250,0.1,0.1,NA,NA,NA,NA,0.0049,0.004,0.0545,0.2,0.05
"17",1,"binary",250,250,0.1,0.2,NA,NA,NA,NA,0.6402,0.5694,0.8884,0.2,0.05
"18",1,"binary",250,250,0.1,0.3,NA,NA,NA,NA,0.9984,0.9972,0.9998,0.2,0.05
"19",1,"binary",250,250,0.1,0.4,NA,NA,NA,NA,1,1,1,0.2,0.05
"20",1,"binary",250,250,0.1,0.5,NA,NA,NA,NA,1,1,1,0.2,0.05
"21",1,"binary",300,300,0.1,0.1,NA,NA,NA,NA,0.0032,0.0024,0.052,0.2,0.05
"22",1,"binary",300,300,0.1,0.2,NA,NA,NA,NA,0.7248,0.6622,0.9296,0.2,0.05
"23",1,"binary",300,300,0.1,0.3,NA,NA,NA,NA,0.9995,0.9989,1,0.2,0.05
"24",1,"binary",300,300,0.1,0.4,NA,NA,NA,NA,1,1,1,0.2,0.05
"25",1,"binary",300,300,0.1,0.5,NA,NA,NA,NA,1,1,1,0.2,0.05
"26",1,"binary",350,350,0.1,0.1,NA,NA,NA,NA,0.0021,0.0017,0.0487,0.2,0.05
"27",1,"binary",350,350,0.1,0.2,NA,NA,NA,NA,0.8145,0.7618,0.9677,0.2,0.05
"28",1,"binary",350,350,0.1,0.3,NA,NA,NA,NA,1,0.9999,1,0.2,0.05
"29",1,"binary",350,350,0.1,0.4,NA,NA,NA,NA,1,1,1,0.2,0.05
"30",1,"binary",350,350,0.1,0.5,NA,NA,NA,NA,1,1,1,0.2,0.05
"31",1,"binary",400,400,0.1,0.1,NA,NA,NA,NA,0.0033,0.0021,0.0509,0.2,0.05
"32",1,"binary",400,400,0.1,0.2,NA,NA,NA,NA,0.8697,0.8293,0.9779,0.2,0.05
"33",1,"binary",400,400,0.1,0.3,NA,NA,NA,NA,1,0.9999,1,0.2,0.05
"34",1,"binary",400,400,0.1,0.4,NA,NA,NA,NA,1,1,1,0.2,0.05
"35",1,"binary",400,400,0.1,0.5,NA,NA,NA,NA,1,1,1,0.2,0.05
"36",1,"binary",450,450,0.1,0.1,NA,NA,NA,NA,0.0037,0.0028,0.0525,0.2,0.05
"37",1,"binary",450,450,0.1,0.2,NA,NA,NA,NA,0.9112,0.8747,0.9889,0.2,0.05
"38",1,"binary",450,450,0.1,0.3,NA,NA,NA,NA,1,1,1,0.2,0.05
"39",1,"binary",450,450,0.1,0.4,NA,NA,NA,NA,1,1,1,0.2,0.05
"40",1,"binary",450,450,0.1,0.5,NA,NA,NA,NA,1,1,1,0.2,0.05
"41",1,"binary",500,500,0.1,0.1,NA,NA,NA,NA,0.0022,0.0013,0.0496,0.2,0.05
"42",1,"binary",500,500,0.1,0.2,NA,NA,NA,NA,0.9414,0.9194,0.9933,0.2,0.05
"43",1,"binary",500,500,0.1,0.3,NA,NA,NA,NA,1,1,1,0.2,0.05
"44",1,"binary",500,500,0.1,0.4,NA,NA,NA,NA,1,1,1,0.2,0.05
"45",1,"binary",500,500,0.1,0.5,NA,NA,NA,NA,1,1,1,0.2,0.05
"46",1,"continuous",100,100,1,1,1,1,NA,NA,0.0284,0.0051,0.0486,0.2,0.05
"47",1,"continuous",100,100,1,1,3.16227766016838,3.16227766016838,NA,NA,0.1108,0.0051,0.0486,0.2,0.05
"48",1,"continuous",100,100,1,1,10,10,NA,NA,0.6328,0.0051,0.0486,0.2,0.05
"49",1,"continuous",100,100,1,2,1,1,NA,NA,1,1,1,0.2,0.05
"50",1,"continuous",100,100,1,2,3.16227766016838,3.16227766016838,NA,NA,0.7415,0.2733,0.606,0.2,0.05
"51",1,"continuous",100,100,1,2,10,10,NA,NA,0.7124,0.0195,0.112,0.2,0.05
"52",1,"continuous",100,100,1,3,1,1,NA,NA,1,1,1,0.2,0.05
"53",1,"continuous",100,100,1,3,3.16227766016838,3.16227766016838,NA,NA,0.9976,0.9481,0.9944,0.2,0.05
"54",1,"continuous",100,100,1,3,10,10,NA,NA,0.8573,0.0822,0.2932,0.2,0.05
"55",1,"continuous",100,100,1,4,1,1,NA,NA,1,1,1,0.2,0.05
"56",1,"continuous",100,100,1,4,3.16227766016838,3.16227766016838,NA,NA,1,0.9999,1,0.2,0.05
"57",1,"continuous",100,100,1,4,10,10,NA,NA,0.9572,0.2384,0.5634,0.2,0.05
"58",1,"continuous",100,100,1,5,1,1,NA,NA,1,1,1,0.2,0.05
"59",1,"continuous",100,100,1,5,3.16227766016838,3.16227766016838,NA,NA,1,1,1,0.2,0.05
"60",1,"continuous",100,100,1,5,10,10,NA,NA,0.9925,0.4942,0.8067,0.2,0.05
"61",1,"continuous",150,150,1,1,1,1,NA,NA,0.0245,0.0039,0.0505,0.2,0.05
"62",1,"continuous",150,150,1,1,3.16227766016838,3.16227766016838,NA,NA,0.0882,0.0039,0.0505,0.2,0.05
"63",1,"continuous",150,150,1,1,10,10,NA,NA,0.4196,0.0039,0.0505,0.2,0.05
"64",1,"continuous",150,150,1,2,1,1,NA,NA,1,1,1,0.2,0.05
"65",1,"continuous",150,150,1,2,3.16227766016838,3.16227766016838,NA,NA,0.8419,0.419,0.7788,0.2,0.05
"66",1,"continuous",150,150,1,2,10,10,NA,NA,0.5698,0.0215,0.1354,0.2,0.05
"67",1,"continuous",150,150,1,3,1,1,NA,NA,1,1,1,0.2,0.05
"68",1,"continuous",150,150,1,3,3.16227766016838,3.16227766016838,NA,NA,1,0.9951,0.9996,0.2,0.05
"69",1,"continuous",150,150,1,3,10,10,NA,NA,0.8256,0.1169,0.3977,0.2,0.05
"70",1,"continuous",150,150,1,4,1,1,NA,NA,1,1,1,0.2,0.05
"71",1,"continuous",150,150,1,4,3.16227766016838,3.16227766016838,NA,NA,1,1,1,0.2,0.05
"72",1,"continuous",150,150,1,4,10,10,NA,NA,0.9628,0.364,0.7345,0.2,0.05
"73",1,"continuous",150,150,1,5,1,1,NA,NA,1,1,1,0.2,0.05
"74",1,"continuous",150,150,1,5,3.16227766016838,3.16227766016838,NA,NA,1,1,1,0.2,0.05
"75",1,"continuous",150,150,1,5,10,10,NA,NA,0.9964,0.7053,0.9287,0.2,0.05
"76",1,"continuous",200,200,1,1,1,1,NA,NA,0.0195,0.0042,0.0502,0.2,0.05
"77",1,"continuous",200,200,1,1,3.16227766016838,3.16227766016838,NA,NA,0.0727,0.0042,0.0502,0.2,0.05
"78",1,"continuous",200,200,1,1,10,10,NA,NA,0.3385,0.0042,0.0502,0.2,0.05
"79",1,"continuous",200,200,1,2,1,1,NA,NA,1,1,1,0.2,0.05
"80",1,"continuous",200,200,1,2,3.16227766016838,3.16227766016838,NA,NA,0.9157,0.585,0.8833,0.2,0.05
"81",1,"continuous",200,200,1,2,10,10,NA,NA,0.5424,0.0274,0.1724,0.2,0.05
"82",1,"continuous",200,200,1,3,1,1,NA,NA,1,1,1,0.2,0.05
"83",1,"continuous",200,200,1,3,3.16227766016838,3.16227766016838,NA,NA,1,0.9995,1,0.2,0.05
"84",1,"continuous",200,200,1,3,10,10,NA,NA,0.8523,0.1712,0.5206,0.2,0.05
"85",1,"continuous",200,200,1,4,1,1,NA,NA,1,1,1,0.2,0.05
"86",1,"continuous",200,200,1,4,3.16227766016838,3.16227766016838,NA,NA,1,1,1,0.2,0.05
"87",1,"continuous",200,200,1,4,10,10,NA,NA,0.9804,0.5193,0.8504,0.2,0.05
"88",1,"continuous",200,200,1,5,1,1,NA,NA,1,1,1,0.2,0.05
"89",1,"continuous",200,200,1,5,3.16227766016838,3.16227766016838,NA,NA,1,1,1,0.2,0.05
"90",1,"continuous",200,200,1,5,10,10,NA,NA,0.9986,0.8495,0.9799,0.2,0.05
"91",1,"continuous",250,250,1,1,1,1,NA,NA,0.0166,0.0029,0.0489,0.2,0.05
"92",1,"continuous",250,250,1,1,3.16227766016838,3.16227766016838,NA,NA,0.0608,0.0029,0.0489,0.2,0.05
"93",1,"continuous",250,250,1,1,10,10,NA,NA,0.2905,0.0029,0.0489,0.2,0.05
"94",1,"continuous",250,250,1,2,1,1,NA,NA,1,1,1,0.2,0.05
"95",1,"continuous",250,250,1,2,3.16227766016838,3.16227766016838,NA,NA,0.9555,0.7023,0.9444,0.2,0.05
"96",1,"continuous",250,250,1,2,10,10,NA,NA,0.5275,0.0316,0.2021,0.2,0.05
"97",1,"continuous",250,250,1,3,1,1,NA,NA,1,1,1,0.2,0.05
"98",1,"continuous",250,250,1,3,3.16227766016838,3.16227766016838,NA,NA,1,1,1,0.2,0.05
"99",1,"continuous",250,250,1,3,10,10,NA,NA,0.8755,0.2247,0.6052,0.2,0.05
"100",1,"continuous",250,250,1,4,1,1,NA,NA,1,1,1,0.2,0.05
"101",1,"continuous",250,250,1,4,3.16227766016838,3.16227766016838,NA,NA,1,1,1,0.2,0.05
"102",1,"continuous",250,250,1,4,10,10,NA,NA,0.9896,0.6344,0.9193,0.2,0.05
"103",1,"continuous",250,250,1,5,1,1,NA,NA,1,1,1,0.2,0.05
"104",1,"continuous",250,250,1,5,3.16227766016838,3.16227766016838,NA,NA,1,1,1,0.2,0.05
"105",1,"continuous",250,250,1,5,10,10,NA,NA,0.9996,0.9307,0.9946,0.2,0.05
"106",1,"continuous",300,300,1,1,1,1,NA,NA,0.0146,0.0033,0.0504,0.2,0.05
"107",1,"continuous",300,300,1,1,3.16227766016838,3.16227766016838,NA,NA,0.0577,0.0033,0.0504,0.2,0.05
"108",1,"continuous",300,300,1,1,10,10,NA,NA,0.2531,0.0033,0.0504,0.2,0.05
"109",1,"continuous",300,300,1,2,1,1,NA,NA,1,1,1,0.2,0.05
"110",1,"continuous",300,300,1,2,3.16227766016838,3.16227766016838,NA,NA,0.9739,0.7905,0.9711,0.2,0.05
"111",1,"continuous",300,300,1,2,10,10,NA,NA,0.5341,0.0352,0.2311,0.2,0.05
"112",1,"continuous",300,300,1,3,1,1,NA,NA,1,1,1,0.2,0.05
"113",1,"continuous",300,300,1,3,3.16227766016838,3.16227766016838,NA,NA,1,1,1,0.2,0.05
"114",1,"continuous",300,300,1,3,10,10,NA,NA,0.8993,0.2837,0.6793,0.2,0.05
"115",1,"continuous",300,300,1,4,1,1,NA,NA,1,1,1,0.2,0.05
"116",1,"continuous",300,300,1,4,3.16227766016838,3.16227766016838,NA,NA,1,1,1,0.2,0.05
"117",1,"continuous",300,300,1,4,10,10,NA,NA,0.9949,0.7302,0.9579,0.2,0.05
"118",1,"continuous",300,300,1,5,1,1,NA,NA,1,1,1,0.2,0.05
"119",1,"continuous",300,300,1,5,3.16227766016838,3.16227766016838,NA,NA,1,1,1,0.2,0.05
"120",1,"continuous",300,300,1,5,10,10,NA,NA,1,0.9684,0.9982,0.2,0.05
"121",1,"continuous",350,350,1,1,1,1,NA,NA,0.0141,0.0025,0.0524,0.2,0.05
"122",1,"continuous",350,350,1,1,3.16227766016838,3.16227766016838,NA,NA,0.0542,0.0025,0.0524,0.2,0.05
"123",1,"continuous",350,350,1,1,10,10,NA,NA,0.2239,0.0025,0.0524,0.2,0.05
"124",1,"continuous",350,350,1,2,1,1,NA,NA,1,1,1,0.2,0.05
"125",1,"continuous",350,350,1,2,3.16227766016838,3.16227766016838,NA,NA,0.9884,0.8635,0.9875,0.2,0.05
"126",1,"continuous",350,350,1,2,10,10,NA,NA,0.5382,0.0447,0.2602,0.2,0.05
"127",1,"continuous",350,350,1,3,1,1,NA,NA,1,1,1,0.2,0.05
"128",1,"continuous",350,350,1,3,3.16227766016838,3.16227766016838,NA,NA,1,1,1,0.2,0.05
"129",1,"continuous",350,350,1,3,10,10,NA,NA,0.9202,0.3395,0.7498,0.2,0.05
"130",1,"continuous",350,350,1,4,1,1,NA,NA,1,1,1,0.2,0.05
"131",1,"continuous",350,350,1,4,3.16227766016838,3.16227766016838,NA,NA,1,1,1,0.2,0.05
"132",1,"continuous",350,350,1,4,10,10,NA,NA,0.9977,0.8139,0.9769,0.2,0.05
"133",1,"continuous",350,350,1,5,1,1,NA,NA,1,1,1,0.2,0.05
"134",1,"continuous",350,350,1,5,3.16227766016838,3.16227766016838,NA,NA,1,1,1,0.2,0.05
"135",1,"continuous",350,350,1,5,10,10,NA,NA,1,0.9879,0.9994,0.2,0.05
"136",1,"continuous",400,400,1,1,1,1,NA,NA,0.0134,0.0025,0.0551,0.2,0.05
"137",1,"continuous",400,400,1,1,3.16227766016838,3.16227766016838,NA,NA,0.053,0.0025,0.0551,0.2,0.05
"138",1,"continuous",400,400,1,1,10,10,NA,NA,0.2153,0.0025,0.0551,0.2,0.05
"139",1,"continuous",400,400,1,2,1,1,NA,NA,1,1,1,0.2,0.05
"140",1,"continuous",400,400,1,2,3.16227766016838,3.16227766016838,NA,NA,0.9943,0.9146,0.9944,0.2,0.05
"141",1,"continuous",400,400,1,2,10,10,NA,NA,0.5589,0.0524,0.294,0.2,0.05
"142",1,"continuous",400,400,1,3,1,1,NA,NA,1,1,1,0.2,0.05
"143",1,"continuous",400,400,1,3,3.16227766016838,3.16227766016838,NA,NA,1,1,1,0.2,0.05
"144",1,"continuous",400,400,1,3,10,10,NA,NA,0.937,0.4011,0.8017,0.2,0.05
"145",1,"continuous",400,400,1,4,1,1,NA,NA,1,1,1,0.2,0.05
"146",1,"continuous",400,400,1,4,3.16227766016838,3.16227766016838,NA,NA,1,1,1,0.2,0.05
"147",1,"continuous",400,400,1,4,10,10,NA,NA,0.9988,0.8722,0.9887,0.2,0.05
"148",1,"continuous",400,400,1,5,1,1,NA,NA,1,1,1,0.2,0.05
"149",1,"continuous",400,400,1,5,3.16227766016838,3.16227766016838,NA,NA,1,1,1,0.2,0.05
"150",1,"continuous",400,400,1,5,10,10,NA,NA,1,0.9954,0.9999,0.2,0.05
"151",1,"continuous",450,450,1,1,1,1,NA,NA,0.0123,0.002,0.0526,0.2,0.05
"152",1,"continuous",450,450,1,1,3.16227766016838,3.16227766016838,NA,NA,0.046,0.002,0.0526,0.2,0.05
"153",1,"continuous",450,450,1,1,10,10,NA,NA,0.1938,0.002,0.0526,0.2,0.05
"154",1,"continuous",450,450,1,2,1,1,NA,NA,1,1,1,0.2,0.05
"155",1,"continuous",450,450,1,2,3.16227766016838,3.16227766016838,NA,NA,0.9975,0.9467,0.9979,0.2,0.05
"156",1,"continuous",450,450,1,2,10,10,NA,NA,0.5788,0.058,0.3251,0.2,0.05
"157",1,"continuous",450,450,1,3,1,1,NA,NA,1,1,1,0.2,0.05
"158",1,"continuous",450,450,1,3,3.16227766016838,3.16227766016838,NA,NA,1,1,1,0.2,0.05
"159",1,"continuous",450,450,1,3,10,10,NA,NA,0.9522,0.465,0.85,0.2,0.05
"160",1,"continuous",450,450,1,4,1,1,NA,NA,1,1,1,0.2,0.05
"161",1,"continuous",450,450,1,4,3.16227766016838,3.16227766016838,NA,NA,1,1,1,0.2,0.05
"162",1,"continuous",450,450,1,4,10,10,NA,NA,0.9996,0.916,0.9954,0.2,0.05
"163",1,"continuous",450,450,1,5,1,1,NA,NA,1,1,1,0.2,0.05
"164",1,"continuous",450,450,1,5,3.16227766016838,3.16227766016838,NA,NA,1,1,1,0.2,0.05
"165",1,"continuous",450,450,1,5,10,10,NA,NA,1,0.9986,1,0.2,0.05
"166",1,"continuous",500,500,1,1,1,1,NA,NA,0.0116,0.0019,0.051,0.2,0.05
"167",1,"continuous",500,500,1,1,3.16227766016838,3.16227766016838,NA,NA,0.0423,0.0019,0.051,0.2,0.05
"168",1,"continuous",500,500,1,1,10,10,NA,NA,0.1767,0.0019,0.051,0.2,0.05
"169",1,"continuous",500,500,1,2,1,1,NA,NA,1,1,1,0.2,0.05
"170",1,"continuous",500,500,1,2,3.16227766016838,3.16227766016838,NA,NA,0.9984,0.9696,0.9988,0.2,0.05
"171",1,"continuous",500,500,1,2,10,10,NA,NA,0.5829,0.065,0.3515,0.2,0.05
"172",1,"continuous",500,500,1,3,1,1,NA,NA,1,1,1,0.2,0.05
"173",1,"continuous",500,500,1,3,3.16227766016838,3.16227766016838,NA,NA,1,1,1,0.2,0.05
"174",1,"continuous",500,500,1,3,10,10,NA,NA,0.9635,0.5163,0.881,0.2,0.05
"175",1,"continuous",500,500,1,4,1,1,NA,NA,1,1,1,0.2,0.05
"176",1,"continuous",500,500,1,4,3.16227766016838,3.16227766016838,NA,NA,1,1,1,0.2,0.05
"177",1,"continuous",500,500,1,4,10,10,NA,NA,0.9994,0.9471,0.9973,0.2,0.05
"178",1,"continuous",500,500,1,5,1,1,NA,NA,1,1,1,0.2,0.05
"179",1,"continuous",500,500,1,5,3.16227766016838,3.16227766016838,NA,NA,1,1,1,0.2,0.05
"180",1,"continuous",500,500,1,5,10,10,NA,NA,1,0.9994,1,0.2,0.05
"181",2,"binary",100,100,0.1,0.1,NA,NA,0.1,0.1,NA,0.0067,0.0623,0.2,0.05
"182",2,"binary",100,100,0.1,0.1,NA,NA,0.1,0.2,NA,0.0183,0.1148,0.2,0.05
"183",2,"binary",100,100,0.1,0.1,NA,NA,0.1,0.3,NA,0.0578,0.244,0.2,0.05
"184",2,"binary",100,100,0.1,0.1,NA,NA,0.1,0.4,NA,0.14,0.4146,0.2,0.05
"185",2,"binary",100,100,0.1,0.1,NA,NA,0.1,0.5,NA,0.276,0.587,0.2,0.05
"186",2,"binary",150,150,0.1,0.1,NA,NA,0.1,0.1,NA,0.0041,0.0574,0.2,0.05
"187",2,"binary",150,150,0.1,0.1,NA,NA,0.1,0.2,NA,0.0181,0.1276,0.2,0.05
"188",2,"binary",150,150,0.1,0.1,NA,NA,0.1,0.3,NA,0.0779,0.3091,0.2,0.05
"189",2,"binary",150,150,0.1,0.1,NA,NA,0.1,0.4,NA,0.2,0.5502,0.2,0.05
"190",2,"binary",150,150,0.1,0.1,NA,NA,0.1,0.5,NA,0.4073,0.7483,0.2,0.05
"191",2,"binary",200,200,0.1,0.1,NA,NA,0.1,0.1,NA,0.0038,0.0537,0.2,0.05
"192",2,"binary",200,200,0.1,0.1,NA,NA,0.1,0.2,NA,0.0253,0.1556,0.2,0.05
"193",2,"binary",200,200,0.1,0.1,NA,NA,0.1,0.3,NA,0.1075,0.4037,0.2,0.05
"194",2,"binary",200,200,0.1,0.1,NA,NA,0.1,0.4,NA,0.2958,0.6663,0.2,0.05
"195",2,"binary",200,200,0.1,0.1,NA,NA,0.1,0.5,NA,0.5447,0.8543,0.2,0.05
"196",2,"binary",250,250,0.1,0.1,NA,NA,0.1,0.1,NA,0.0041,0.0555,0.2,0.05
"197",2,"binary",250,250,0.1,0.1,NA,NA,0.1,0.2,NA,0.0276,0.1859,0.2,0.05
"198",2,"binary",250,250,0.1,0.1,NA,NA,0.1,0.3,NA,0.149,0.4899,0.2,0.05
"199",2,"binary",250,250,0.1,0.1,NA,NA,0.1,0.4,NA,0.3914,0.7683,0.2,0.05
"200",2,"binary",250,250,0.1,0.1,NA,NA,0.1,0.5,NA,0.673,0.9208,0.2,0.05
"201",2,"binary",300,300,0.1,0.1,NA,NA,0.1,0.1,NA,0.0036,0.0528,0.2,0.05
"202",2,"binary",300,300,0.1,0.1,NA,NA,0.1,0.2,NA,0.0317,0.216,0.2,0.05
"203",2,"binary",300,300,0.1,0.1,NA,NA,0.1,0.3,NA,0.184,0.5525,0.2,0.05
"204",2,"binary",300,300,0.1,0.1,NA,NA,0.1,0.4,NA,0.4745,0.8266,0.2,0.05
"205",2,"binary",300,300,0.1,0.1,NA,NA,0.1,0.5,NA,0.7671,0.9598,0.2,0.05
"206",2,"binary",350,350,0.1,0.1,NA,NA,0.1,0.1,NA,0.002,0.055,0.2,0.05
"207",2,"binary",350,350,0.1,0.1,NA,NA,0.1,0.2,NA,0.039,0.2393,0.2,0.05
"208",2,"binary",350,350,0.1,0.1,NA,NA,0.1,0.3,NA,0.2219,0.6111,0.2,0.05
"209",2,"binary",350,350,0.1,0.1,NA,NA,0.1,0.4,NA,0.5512,0.8822,0.2,0.05
"210",2,"binary",350,350,0.1,0.1,NA,NA,0.1,0.5,NA,0.8395,0.9766,0.2,0.05
"211",2,"binary",400,400,0.1,0.1,NA,NA,0.1,0.1,NA,0.0022,0.0514,0.2,0.05
"212",2,"binary",400,400,0.1,0.1,NA,NA,0.1,0.2,NA,0.0373,0.259,0.2,0.05
"213",2,"binary",400,400,0.1,0.1,NA,NA,0.1,0.3,NA,0.258,0.6711,0.2,0.05
"214",2,"binary",400,400,0.1,0.1,NA,NA,0.1,0.4,NA,0.6242,0.9206,0.2,0.05
"215",2,"binary",400,400,0.1,0.1,NA,NA,0.1,0.5,NA,0.8901,0.9878,0.2,0.05
"216",2,"binary",450,450,0.1,0.1,NA,NA,0.1,0.1,NA,0.0022,0.0502,0.2,0.05
"217",2,"binary",450,450,0.1,0.1,NA,NA,0.1,0.2,NA,0.0477,0.2956,0.2,0.05
"218",2,"binary",450,450,0.1,0.1,NA,NA,0.1,0.3,NA,0.3045,0.7302,0.2,0.05
"219",2,"binary",450,450,0.1,0.1,NA,NA,0.1,0.4,NA,0.698,0.947,0.2,0.05
"220",2,"binary",450,450,0.1,0.1,NA,NA,0.1,0.5,NA,0.9343,0.9943,0.2,0.05
"221",2,"binary",500,500,0.1,0.1,NA,NA,0.1,0.1,NA,0.002,0.0545,0.2,0.05
"222",2,"binary",500,500,0.1,0.1,NA,NA,0.1,0.2,NA,0.0488,0.314,0.2,0.05
"223",2,"binary",500,500,0.1,0.1,NA,NA,0.1,0.3,NA,0.345,0.7653,0.2,0.05
"224",2,"binary",500,500,0.1,0.1,NA,NA,0.1,0.4,NA,0.7528,0.9603,0.2,0.05
"225",2,"binary",500,500,0.1,0.1,NA,NA,0.1,0.5,NA,0.9541,0.9968,0.2,0.05
"226",2,"continuous",100,100,1,1,1,1,1,1,NA,0.0048,0.0464,0.2,0.05
"227",2,"continuous",100,100,1,1,1,1,1,2,NA,0.7485,0.9416,0.2,0.05
"228",2,"continuous",100,100,1,1,1,1,1,3,NA,1,1,0.2,0.05
"229",2,"continuous",100,100,1,1,1,1,1,4,NA,1,1,0.2,0.05
"230",2,"continuous",100,100,1,1,1,1,1,5,NA,1,1,0.2,0.05
"231",2,"continuous",100,100,1,1,3.16227766016838,3.16227766016838,1,1,NA,0.0048,0.0464,0.2,0.05
"232",2,"continuous",100,100,1,1,3.16227766016838,3.16227766016838,1,2,NA,0.0427,0.1932,0.2,0.05
"233",2,"continuous",100,100,1,1,3.16227766016838,3.16227766016838,1,3,NA,0.2662,0.6003,0.2,0.05
"234",2,"continuous",100,100,1,1,3.16227766016838,3.16227766016838,1,4,NA,0.6883,0.9162,0.2,0.05
"235",2,"continuous",100,100,1,1,3.16227766016838,3.16227766016838,1,5,NA,0.948,0.9943,0.2,0.05
"236",2,"continuous",100,100,1,1,10,10,1,1,NA,0.0048,0.0464,0.2,0.05
"237",2,"continuous",100,100,1,1,10,10,1,2,NA,0.0082,0.0622,0.2,0.05
"238",2,"continuous",100,100,1,1,10,10,1,3,NA,0.0174,0.1061,0.2,0.05
"239",2,"continuous",100,100,1,1,10,10,1,4,NA,0.0385,0.1779,0.2,0.05
"240",2,"continuous",100,100,1,1,10,10,1,5,NA,0.0793,0.2822,0.2,0.05
"241",2,"continuous",150,150,1,1,1,1,1,1,NA,0.0042,0.0502,0.2,0.05
"242",2,"continuous",150,150,1,1,1,1,1,2,NA,0.9204,0.9898,0.2,0.05
"243",2,"continuous",150,150,1,1,1,1,1,3,NA,1,1,0.2,0.05
"244",2,"continuous",150,150,1,1,1,1,1,4,NA,1,1,0.2,0.05
"245",2,"continuous",150,150,1,1,1,1,1,5,NA,1,1,0.2,0.05
"246",2,"continuous",150,150,1,1,3.16227766016838,3.16227766016838,1,1,NA,0.0042,0.0502,0.2,0.05
"247",2,"continuous",150,150,1,1,3.16227766016838,3.16227766016838,1,2,NA,0.0643,0.2754,0.2,0.05
"248",2,"continuous",150,150,1,1,3.16227766016838,3.16227766016838,1,3,NA,0.4304,0.7803,0.2,0.05
"249",2,"continuous",150,150,1,1,3.16227766016838,3.16227766016838,1,4,NA,0.8829,0.9827,0.2,0.05
"250",2,"continuous",150,150,1,1,3.16227766016838,3.16227766016838,1,5,NA,0.9927,0.9998,0.2,0.05
"251",2,"continuous",150,150,1,1,10,10,1,1,NA,0.0042,0.0502,0.2,0.05
"252",2,"continuous",150,150,1,1,10,10,1,2,NA,0.0078,0.0754,0.2,0.05
"253",2,"continuous",150,150,1,1,10,10,1,3,NA,0.0221,0.1417,0.2,0.05
"254",2,"continuous",150,150,1,1,10,10,1,4,NA,0.0569,0.2535,0.2,0.05
"255",2,"continuous",150,150,1,1,10,10,1,5,NA,0.1235,0.4076,0.2,0.05
"256",2,"continuous",200,200,1,1,1,1,1,1,NA,0.0026,0.0486,0.2,0.05
"257",2,"continuous",200,200,1,1,1,1,1,2,NA,0.9804,0.9991,0.2,0.05
"258",2,"continuous",200,200,1,1,1,1,1,3,NA,1,1,0.2,0.05
"259",2,"continuous",200,200,1,1,1,1,1,4,NA,1,1,0.2,0.05
"260",2,"continuous",200,200,1,1,1,1,1,5,NA,1,1,0.2,0.05
"261",2,"continuous",200,200,1,1,3.16227766016838,3.16227766016838,1,1,NA,0.0026,0.0486,0.2,0.05
"262",2,"continuous",200,200,1,1,3.16227766016838,3.16227766016838,1,2,NA,0.0865,0.3515,0.2,0.05
"263",2,"continuous",200,200,1,1,3.16227766016838,3.16227766016838,1,3,NA,0.5857,0.8834,0.2,0.05
"264",2,"continuous",200,200,1,1,3.16227766016838,3.16227766016838,1,4,NA,0.9625,0.9978,0.2,0.05
"265",2,"continuous",200,200,1,1,3.16227766016838,3.16227766016838,1,5,NA,0.9998,1,0.2,0.05
"266",2,"continuous",200,200,1,1,10,10,1,1,NA,0.0026,0.0486,0.2,0.05
"267",2,"continuous",200,200,1,1,10,10,1,2,NA,0.0076,0.0809,0.2,0.05
"268",2,"continuous",200,200,1,1,10,10,1,3,NA,0.0251,0.1701,0.2,0.05
"269",2,"continuous",200,200,1,1,10,10,1,4,NA,0.0762,0.3229,0.2,0.05
"270",2,"continuous",200,200,1,1,10,10,1,5,NA,0.1711,0.5218,0.2,0.05
"271",2,"continuous",250,250,1,1,1,1,1,1,NA,0.0024,0.051,0.2,0.05
"272",2,"continuous",250,250,1,1,1,1,1,2,NA,0.9951,0.9998,0.2,0.05
"273",2,"continuous",250,250,1,1,1,1,1,3,NA,1,1,0.2,0.05
"274",2,"continuous",250,250,1,1,1,1,1,4,NA,1,1,0.2,0.05
"275",2,"continuous",250,250,1,1,1,1,1,5,NA,1,1,0.2,0.05
"276",2,"continuous",250,250,1,1,3.16227766016838,3.16227766016838,1,1,NA,0.0024,0.051,0.2,0.05
"277",2,"continuous",250,250,1,1,3.16227766016838,3.16227766016838,1,2,NA,0.1095,0.4288,0.2,0.05
"278",2,"continuous",250,250,1,1,3.16227766016838,3.16227766016838,1,3,NA,0.7015,0.9448,0.2,0.05
"279",2,"continuous",250,250,1,1,3.16227766016838,3.16227766016838,1,4,NA,0.989,0.9997,0.2,0.05
"280",2,"continuous",250,250,1,1,3.16227766016838,3.16227766016838,1,5,NA,1,1,0.2,0.05
"281",2,"continuous",250,250,1,1,10,10,1,1,NA,0.0024,0.051,0.2,0.05
"282",2,"continuous",250,250,1,1,10,10,1,2,NA,0.0087,0.0855,0.2,0.05
"283",2,"continuous",250,250,1,1,10,10,1,3,NA,0.0311,0.2001,0.2,0.05
"284",2,"continuous",250,250,1,1,10,10,1,4,NA,0.0923,0.3912,0.2,0.05
"285",2,"continuous",250,250,1,1,10,10,1,5,NA,0.2229,0.6035,0.2,0.05
"286",2,"continuous",300,300,1,1,1,1,1,1,NA,0.0023,0.0499,0.2,0.05
"287",2,"continuous",300,300,1,1,1,1,1,2,NA,0.9992,0.9999,0.2,0.05
"288",2,"continuous",300,300,1,1,1,1,1,3,NA,1,1,0.2,0.05
"289",2,"continuous",300,300,1,1,1,1,1,4,NA,1,1,0.2,0.05
"290",2,"continuous",300,300,1,1,1,1,1,5,NA,1,1,0.2,0.05
"291",2,"continuous",300,300,1,1,3.16227766016838,3.16227766016838,1,1,NA,0.0023,0.0499,0.2,0.05
"292",2,"continuous",300,300,1,1,3.16227766016838,3.16227766016838,1,2,NA,0.1414,0.4898,0.2,0.05
"293",2,"continuous",300,300,1,1,3.16227766016838,3.16227766016838,1,3,NA,0.7995,0.9724,0.2,0.05
"294",2,"continuous",300,300,1,1,3.16227766016838,3.16227766016838,1,4,NA,0.9976,0.9999,0.2,0.05
"295",2,"continuous",300,300,1,1,3.16227766016838,3.16227766016838,1,5,NA,1,1,0.2,0.05
"296",2,"continuous",300,300,1,1,10,10,1,1,NA,0.0023,0.0499,0.2,0.05
"297",2,"continuous",300,300,1,1,10,10,1,2,NA,0.0091,0.0966,0.2,0.05
"298",2,"continuous",300,300,1,1,10,10,1,3,NA,0.0371,0.2297,0.2,0.05
"299",2,"continuous",300,300,1,1,10,10,1,4,NA,0.1206,0.4488,0.2,0.05
"300",2,"continuous",300,300,1,1,10,10,1,5,NA,0.28,0.6866,0.2,0.05
"301",2,"continuous",350,350,1,1,1,1,1,1,NA,0.0031,0.048,0.2,0.05
"302",2,"continuous",350,350,1,1,1,1,1,2,NA,0.9995,1,0.2,0.05
"303",2,"continuous",350,350,1,1,1,1,1,3,NA,1,1,0.2,0.05
"304",2,"continuous",350,350,1,1,1,1,1,4,NA,1,1,0.2,0.05
"305",2,"continuous",350,350,1,1,1,1,1,5,NA,1,1,0.2,0.05
"306",2,"continuous",350,350,1,1,3.16227766016838,3.16227766016838,1,1,NA,0.0031,0.048,0.2,0.05
"307",2,"continuous",350,350,1,1,3.16227766016838,3.16227766016838,1,2,NA,0.1657,0.5519,0.2,0.05
"308",2,"continuous",350,350,1,1,3.16227766016838,3.16227766016838,1,3,NA,0.8666,0.986,0.2,0.05
"309",2,"continuous",350,350,1,1,3.16227766016838,3.16227766016838,1,4,NA,0.999,1,0.2,0.05
"310",2,"continuous",350,350,1,1,3.16227766016838,3.16227766016838,1,5,NA,1,1,0.2,0.05
"311",2,"continuous",350,350,1,1,10,10,1,1,NA,0.0031,0.048,0.2,0.05
"312",2,"continuous",350,350,1,1,10,10,1,2,NA,0.0088,0.1043,0.2,0.05
"313",2,"continuous",350,350,1,1,10,10,1,3,NA,0.0431,0.26,0.2,0.05
"314",2,"continuous",350,350,1,1,10,10,1,4,NA,0.1421,0.5092,0.2,0.05
"315",2,"continuous",350,350,1,1,10,10,1,5,NA,0.342,0.7476,0.2,0.05
"316",2,"continuous",400,400,1,1,1,1,1,1,NA,0.0029,0.0531,0.2,0.05
"317",2,"continuous",400,400,1,1,1,1,1,2,NA,0.9999,1,0.2,0.05
"318",2,"continuous",400,400,1,1,1,1,1,3,NA,1,1,0.2,0.05
"319",2,"continuous",400,400,1,1,1,1,1,4,NA,1,1,0.2,0.05
"320",2,"continuous",400,400,1,1,1,1,1,5,NA,1,1,0.2,0.05
"321",2,"continuous",400,400,1,1,3.16227766016838,3.16227766016838,1,1,NA,0.0029,0.0531,0.2,0.05
"322",2,"continuous",400,400,1,1,3.16227766016838,3.16227766016838,1,2,NA,0.2144,0.6065,0.2,0.05
"323",2,"continuous",400,400,1,1,3.16227766016838,3.16227766016838,1,3,NA,0.9155,0.994,0.2,0.05
"324",2,"continuous",400,400,1,1,3.16227766016838,3.16227766016838,1,4,NA,0.9997,1,0.2,0.05
"325",2,"continuous",400,400,1,1,3.16227766016838,3.16227766016838,1,5,NA,1,1,0.2,0.05
"326",2,"continuous",400,400,1,1,10,10,1,1,NA,0.0029,0.0531,0.2,0.05
"327",2,"continuous",400,400,1,1,10,10,1,2,NA,0.0105,0.1149,0.2,0.05
"328",2,"continuous",400,400,1,1,10,10,1,3,NA,0.0525,0.3037,0.2,0.05
"329",2,"continuous",400,400,1,1,10,10,1,4,NA,0.1822,0.5616,0.2,0.05
"330",2,"continuous",400,400,1,1,10,10,1,5,NA,0.4089,0.8046,0.2,0.05
"331",2,"continuous",450,450,1,1,1,1,1,1,NA,0.002,0.0502,0.2,0.05
"332",2,"continuous",450,450,1,1,1,1,1,2,NA,1,1,0.2,0.05
"333",2,"continuous",450,450,1,1,1,1,1,3,NA,1,1,0.2,0.05
"334",2,"continuous",450,450,1,1,1,1,1,4,NA,1,1,0.2,0.05
"335",2,"continuous",450,450,1,1,1,1,1,5,NA,1,1,0.2,0.05
"336",2,"continuous",450,450,1,1,3.16227766016838,3.16227766016838,1,1,NA,0.002,0.0502,0.2,0.05
"337",2,"continuous",450,450,1,1,3.16227766016838,3.16227766016838,1,2,NA,0.2332,0.6542,0.2,0.05
"338",2,"continuous",450,450,1,1,3.16227766016838,3.16227766016838,1,3,NA,0.9498,0.9982,0.2,0.05
"339",2,"continuous",450,450,1,1,3.16227766016838,3.16227766016838,1,4,NA,0.9999,1,0.2,0.05
"340",2,"continuous",450,450,1,1,3.16227766016838,3.16227766016838,1,5,NA,1,1,0.2,0.05
"341",2,"continuous",450,450,1,1,10,10,1,1,NA,0.002,0.0502,0.2,0.05
"342",2,"continuous",450,450,1,1,10,10,1,2,NA,0.0121,0.1211,0.2,0.05
"343",2,"continuous",450,450,1,1,10,10,1,3,NA,0.057,0.322,0.2,0.05
"344",2,"continuous",450,450,1,1,10,10,1,4,NA,0.199,0.6101,0.2,0.05
"345",2,"continuous",450,450,1,1,10,10,1,5,NA,0.4625,0.8463,0.2,0.05
"346",2,"continuous",500,500,1,1,1,1,1,1,NA,0.0017,0.0503,0.2,0.05
"347",2,"continuous",500,500,1,1,1,1,1,2,NA,1,1,0.2,0.05
"348",2,"continuous",500,500,1,1,1,1,1,3,NA,1,1,0.2,0.05
"349",2,"continuous",500,500,1,1,1,1,1,4,NA,1,1,0.2,0.05
"350",2,"continuous",500,500,1,1,1,1,1,5,NA,1,1,0.2,0.05
"351",2,"continuous",500,500,1,1,3.16227766016838,3.16227766016838,1,1,NA,0.0017,0.0503,0.2,0.05
"352",2,"continuous",500,500,1,1,3.16227766016838,3.16227766016838,1,2,NA,0.2686,0.7014,0.2,0.05
"353",2,"continuous",500,500,1,1,3.16227766016838,3.16227766016838,1,3,NA,0.9704,0.9993,0.2,0.05
"354",2,"continuous",500,500,1,1,3.16227766016838,3.16227766016838,1,4,NA,1,1,0.2,0.05
"355",2,"continuous",500,500,1,1,3.16227766016838,3.16227766016838,1,5,NA,1,1,0.2,0.05
"356",2,"continuous",500,500,1,1,10,10,1,1,NA,0.0017,0.0503,0.2,0.05
"357",2,"continuous",500,500,1,1,10,10,1,2,NA,0.0104,0.1213,0.2,0.05
"358",2,"continuous",500,500,1,1,10,10,1,3,NA,0.0609,0.3512,0.2,0.05
"359",2,"continuous",500,500,1,1,10,10,1,4,NA,0.2292,0.6545,0.2,0.05
"360",2,"continuous",500,500,1,1,10,10,1,5,NA,0.5142,0.881,0.2,0.05
